                  epoch,             train/loss,  metrics/accuracy_top1,  metrics/accuracy_top5,               val/loss,                 lr/pg0,                 lr/pg1,                 lr/pg2
                      1,                  1.394,                0.98359,                      1,                 4.3062,             0.00023792,             0.00023792,             0.00023792
                      2,                0.03961,                0.98615,                      1,                 4.2982,             0.00038169,             0.00038169,             0.00038169
                      3,                0.02961,                0.98906,                      1,                 4.2959,             0.00043121,             0.00043121,             0.00043121
