                  epoch,             train/loss,  metrics/accuracy_top1,  metrics/accuracy_top5,               val/loss,                 lr/pg0,                 lr/pg1,                 lr/pg2
                      1,                0.28429,                0.84179,                      1,                 4.4423,             0.00023776,             0.00023776,             0.00023776
                      2,                0.29338,                 0.8459,                      1,                 4.4389,             0.00038156,             0.00038156,             0.00038156
                      3,                0.26182,                0.84974,                      1,                 4.4345,             0.00043111,             0.00043111,             0.00043111
                      4,                0.24128,                0.84949,                      1,                 4.4318,             0.00028988,             0.00028988,             0.00028988
                      5,                0.23398,                0.85154,                      1,                 4.4319,             0.00028988,             0.00028988,             0.00028988
