                  epoch,             train/loss,  metrics/accuracy_top1,  metrics/accuracy_top5,               val/loss,                 lr/pg0,                 lr/pg1,                 lr/pg2
                      1,                  1.761,                0.99434,                      1,                 4.1402,             0.00023784,             0.00023784,             0.00023784
                      2,                0.01773,                      1,                      1,                 4.1291,             0.00038163,             0.00038163,             0.00038163
                      3,                0.00403,                      1,                      1,                 4.1284,             0.00043116,             0.00043116,             0.00043116
                      4,                0.00142,                      1,                      1,                 4.1283,             0.00028988,             0.00028988,             0.00028988
                      5,                0.00093,                      1,                      1,                 4.1283,             0.00028988,             0.00028988,             0.00028988
