                  epoch,             train/loss,  metrics/accuracy_top1,  metrics/accuracy_top5,               val/loss,                 lr/pg0,                 lr/pg1,                 lr/pg2
                      1,                 1.3055,                      1,                      1,                 4.1306,              0.0002379,              0.0002379,              0.0002379
                      2,                0.00746,                 0.9992,                      1,                 4.1301,             0.00038168,             0.00038168,             0.00038168
                      3,                0.00994,                      1,                      1,                 4.1284,              0.0004312,              0.0004312,              0.0004312
                      4,                0.00094,                      1,                      1,                 4.1283,             0.00028988,             0.00028988,             0.00028988
                      5,                0.00029,                      1,                      1,                 4.1283,             0.00028988,             0.00028988,             0.00028988
