                  epoch,             train/loss,  metrics/accuracy_top1,  metrics/accuracy_top5,               val/loss,                 lr/pg0,                 lr/pg1,                 lr/pg2
                      1,                 1.3944,                0.98231,                      1,                 4.3069,             0.00023792,             0.00023792,             0.00023792
                      2,                0.04222,                0.98632,                0.99983,                 4.2972,             0.00038169,             0.00038169,             0.00038169
                      3,                  0.032,                0.99009,                      1,                  4.295,             0.00043121,             0.00043121,             0.00043121
                      4,                0.01711,                0.99128,                      1,                 4.2912,             0.00028988,             0.00028988,             0.00028988
